﻿pos_x,pos_y,rotation,side,designator,mpn,pack,footprint,value,mount_type
25.146,5.827,90.0,top,D1,,,LED_0805_2012Metric,~,smt
20.066,5.6665,-90.0,top,D2,,,LED_0805_2012Metric,~,smt
35.052,6.1745,90.0,top,D3,,,LED_0805_2012Metric,~,smt
29.972,5.9205,-90.0,top,D4,,,LED_0805_2012Metric,~,smt
40.132,6.1745,90.0,top,D5,,,LED_0805_2012Metric,~,smt
45.212,6.1745,90.0,top,D6,,,LED_0805_2012Metric,~,smt
7.564301,42.000001,-90.0,top,J1,,,CONN_SD-43045-001_04_MOL,430450402,tht
7.564301,25.0,-90.0,top,J2,,,CONN_SD-43045-001_04_MOL,430450402,tht
7.564301,88.160402,-90.0,top,J3,,,CONN_SD-43045-001_12_MOL,430451202,tht
7.564301,60.0,-90.0,top,J4,,,CONN_SD-43045-001_12_MOL,430451202,tht
7.564301,144.774999,-90.0,top,J5,,,CONN_SD-43045-001_04_MOL,430450402,tht
46.46,75.85,-90.0,top,J6,,None,MOLEX_39289108,39289108,tht
7.564301,116.775,-90.0,top,J7,,,CONN_SD-43045-001_12_MOL,430451202,tht
25.08,9.781,-90.0,top,R1,,,R_0603_1608Metric,1.2K,smt
20.066,9.589,-90.0,top,R2,,,R_0603_1608Metric,1.2K,smt
35.0,10.0,-90.0,top,R3,,,R_0603_1608Metric,180,smt
30.0,10.0,-90.0,top,R4,,,R_0603_1608Metric,180,smt
40.0,10.0,-90.0,top,R5,,,R_0603_1608Metric,895,smt
45.212,9.969,-90.0,top,R6,,,R_0603_1608Metric,895,smt
25.0,14.0625,0.0,top,TP1,,,TestPoint_Keystone_5005-5009_Compact,+15V,tht
20.0,14.1125,0.0,top,TP2,,,TestPoint_Keystone_5005-5009_Compact,-15V,tht
35.0,14.0625,0.0,top,TP3,,,TestPoint_Keystone_5005-5009_Compact,+5V,tht
30.0,14.0625,0.0,top,TP4,,,TestPoint_Keystone_5005-5009_Compact,-5V,tht
40.0,14.0625,0.0,top,TP5,,,TestPoint_Keystone_5005-5009_Compact,+12VA,tht
45.212,14.0625,0.0,top,TP6,5005,,TestPoint_Keystone_5005-5009_Compact,+12VB,tht
14.986,13.97,0.0,top,TP7,5005,,TestPoint_Keystone_5005-5009_Compact,GND,tht
