﻿Designator,Quantity,Value,Footprint,Package,MPN,DNP,Mount_Type,Description,Sim.Pins,MFG,MFG_PN,MF,MAXIMUM_PACKAGE_HEIGHT,Price,Check_prices,STANDARD,PARTREV,SnapEDA_Link,MP,Description_1,Availability,MANUFACTURER
"D1, D2, D3, D4, D5, D6",6,~,LED_0805_2012Metric,,,,smt,Light emitting diode,1=K 2=A,Dialight,5990181007F,,,,,,,,,,,
"J1, J2, J5",3,430450402,CONN_SD-43045-001_04_MOL,,,,tht,[J1]FPGA CHAIN A; [J2]FPGA CHAIN B; [J5]RELAY BOARD,,Molex,43045-0402,,,,,,,,,,,
"J3, J4, J7",3,430451202,CONN_SD-43045-001_12_MOL,,,,tht,[J3]AMPLIFIER; [J4]PULSER A; [J7]PULSER B,,Molex,43045-1202,,,,,,,,,,,
J6,1,39289108,MOLEX_39289108,None,,,tht,,,Molex,43045-0402,Molex,12.80mm,None,https://www.snapeda.com/parts/39289108/Molex/view-part/?ref=eda,Manufacturer Recommendations,A1,https://www.snapeda.com/parts/39289108/Molex/view-part/?ref=snap,39289108,Conn Wire to Board HDR 10Power POS 4.2mm Solder ST Top Entry Thru-Hole Tray,In Stock,Molex
"R1, R2",2,1.2K,R_0603_1608Metric,,,,smt,"Resistor, US symbol",,,,,,,,,,,,,,
"R3, R4",2,180,R_0603_1608Metric,,,,smt,"Resistor, US symbol",,,,,,,,,,,,,,
"R5, R6",2,895,R_0603_1608Metric,,,,smt,"Resistor, US symbol",,,,,,,,,,,,,,
TP1,1,+15V,TestPoint_Keystone_5005-5009_Compact,,,,tht,test point,,,,,,,,,,,,,,
TP2,1,-15V,TestPoint_Keystone_5005-5009_Compact,,,,tht,test point,,,,,,,,,,,,,,
TP3,1,+5V,TestPoint_Keystone_5005-5009_Compact,,,,tht,test point,,,,,,,,,,,,,,
TP4,1,-5V,TestPoint_Keystone_5005-5009_Compact,,,,tht,test point,,,,,,,,,,,,,,
TP5,1,+12VA,TestPoint_Keystone_5005-5009_Compact,,,,tht,test point,,,,,,,,,,,,,,
TP6,1,+12VB,TestPoint_Keystone_5005-5009_Compact,,5005,,tht,test point,,,,,,,,,,,,,,
TP7,1,GND,TestPoint_Keystone_5005-5009_Compact,,5005,,tht,test point,,,,,,,,,,,,,,
